Shoe_Name, New_Price, Old_Price, Discount_Offer
CHROMA THONG 5 Slippers,₹1048,₹1495,29% off
Air Versitile IV Basketball Shoes For Men,₹4009,₹5995,33% off
Solarsoft II Flip-Flop Flip Flops,₹1269,₹1595,20% off
CHROMA THONG 5 Flip Flops,₹1048,₹1495,29% off
Wmns Air Max Sequent 4 Walking Shoes For Men,₹5216,₹8995,42% off
Solarsoft II Flip-Flop Slippers,₹1048,₹1595,34% off
CHROMA THONG 5 Slippers,₹1048,₹1495,29% off
Benassi "Just Do It. Slides,₹1775,₹2495,28% off
Revolution 5 Running Shoes For Men,₹2469,₹3695,33% off
TODOS Running Shoes For Men,₹2669,₹3995,33% off
Downshifter 9 Running Shoes For Men,₹2676,₹3995,33% off
Revolution 5 Running Shoes For Men,₹2469,₹3695,33% off
Chroma 5 Flip-Flop Flip Flops,₹1048,₹1495,29% off
Solarsoft II Flip-Flop Slippers,₹1269,₹1595,20% off
Runallday Running Shoes For Men,₹2419,₹4495,46% off
Revolution 5 Running Shoes For Men,₹2469,₹3695,33% off
CHROMA THONG 5 Slippers,₹1048,₹1495,29% off
Solarsoft II Flip-Flop Slippers,₹1048,₹1595,34% off
Flex Experience Run 9 Running Shoes For Men,₹3339,₹4995,33% off
TODOS Running Shoe For Men,₹2669,₹3995,33% off
Wmns Zoom Winflo 4 Walking Shoes For Men,₹4145,₹7995,48% off
Downshifter 9 Running Shoes For Men,₹2669,₹3995,33% off
CHROMA THONG 5 Flip Flops,₹1048,₹1495,29% off
Fly.By Mid Basketball Shoes For Men,₹3009,₹4495,33% off
TODOS Running Shoes For Men,₹2669,₹3995,33% off
DOMAIN 2 NS Cricket Shoes For Men,₹4009,₹5995,33% off
TODOS Running Shoes For Men,₹2349,₹3995,41% off
Revolution 5 Running Shoes For Men,₹2469,₹3695,33% off
Fly.By Mid Basketball Shoes For Men,₹3009,₹4495,33% off
FLY.BY LOW II Walking Shoes For Men,₹3339,₹4995,33% off
Downshifter 9 Running Shoes For Men,₹2669,₹3995,33% off
POTENTIAL 3 Cricket Shoes For Men,₹3009,₹4495,33% off
Legend Training & Gym Shoes For Men,₹3009,₹4495,33% off
Court Borough Mid High Tops For Men,₹3239,₹5495,41% off
Runallday Running Shoes For Men,₹2419,₹4495,46% off
Air Zoom Vomero 14 Running Shoes For Men,₹8029,₹11995,33% off
Revolution 4 Running Shoes For Men,₹2469,₹3695,33% off
CHROMA THONG 5 Flip Flops,₹1048,₹1495,29% off
Slippers,₹1048,₹1595,34% off
Air Zoom Winflo 6 Running Shoes For Men,₹5349,₹7995,33% off
